{
  "n_test_personas": 36,
  "epsilon": 0.1,
  "seed": 42,
  "max_turns": 5,
  "heuristic": {
    "turn0_recall@5": 0.0017,
    "turn0_recall@10": 0.0034,
    "turn0_recall@20": 0.0086,
    "turn1_recall@5": 0.0011,
    "turn1_recall@10": 0.0014,
    "turn1_recall@20": 0.0024,
    "turn2_recall@5": 0.0053,
    "turn2_recall@10": 0.0087,
    "turn2_recall@20": 0.0159,
    "turn3_recall@5": 0.0367,
    "turn3_recall@10": 0.073,
    "turn3_recall@20": 0.1452,
    "turn4_recall@5": 0.0359,
    "turn4_recall@10": 0.0714,
    "turn4_recall@20": 0.1422,
    "turn5_recall@5": 0.0353,
    "turn5_recall@10": 0.0707,
    "turn5_recall@20": 0.1429,
    "turn5_recall@10_mean": 0.0707,
    "turn5_recall@10_ci95": [
      0.0619,
      0.0799
    ],
    "turn5_recall@10_per_persona": [
      0.058823529411764705,
      0.04225352112676056,
      0.014492753623188406,
      0.06666666666666667,
      0.0875,
      0.12987012987012986,
      0.08235294117647059,
      0.11940298507462686,
      0.09859154929577464,
      0.015625,
      0.072992700729927,
      0.058333333333333334,
      0.08,
      0.05,
      0.0703125,
      0.05333333333333334,
      0.06896551724137931,
      0.0684931506849315,
      0.06521739130434782,
      0.04861111111111111,
      0.0375,
      0.08888888888888889,
      0.1111111111111111,
      0.13043478260869565,
      0.06578947368421052,
      0.043478260869565216,
      0.06944444444444445,
      0.10416666666666667,
      0.09473684210526316,
      0.07446808510638298,
      0.06097560975609756,
      0.0625,
      0.055944055944055944,
      0.04285714285714286,
      0.10227272727272728,
      0.04819277108433735
    ]
  },
  "random": {
    "turn0_recall@5": 0.0017,
    "turn0_recall@10": 0.0034,
    "turn0_recall@20": 0.0086,
    "turn1_recall@5": 0.0091,
    "turn1_recall@10": 0.0184,
    "turn1_recall@20": 0.0291,
    "turn2_recall@5": 0.0163,
    "turn2_recall@10": 0.0279,
    "turn2_recall@20": 0.0475,
    "turn3_recall@5": 0.0175,
    "turn3_recall@10": 0.0344,
    "turn3_recall@20": 0.0622,
    "turn4_recall@5": 0.0192,
    "turn4_recall@10": 0.0391,
    "turn4_recall@20": 0.0726,
    "turn5_recall@5": 0.0244,
    "turn5_recall@10": 0.0501,
    "turn5_recall@20": 0.0992,
    "turn5_recall@10_mean": 0.0501,
    "turn5_recall@10_ci95": [
      0.0391,
      0.0612
    ],
    "turn5_recall@10_per_persona": [
      0.025210084033613446,
      0.0,
      0.043478260869565216,
      0.06666666666666667,
      0.075,
      0.0,
      0.10588235294117647,
      0.1044776119402985,
      0.04225352112676056,
      0.03125,
      0.0072992700729927005,
      0.0,
      0.048,
      0.058333333333333334,
      0.0234375,
      0.02666666666666667,
      0.008620689655172414,
      0.0821917808219178,
      0.057971014492753624,
      0.04861111111111111,
      0.0,
      0.08888888888888889,
      0.05555555555555555,
      0.028985507246376812,
      0.07894736842105263,
      0.028985507246376812,
      0.1111111111111111,
      0.08333333333333333,
      0.09473684210526316,
      0.10638297872340426,
      0.06097560975609756,
      0.0125,
      0.06993006993006994,
      0.04285714285714286,
      0.011363636363636364,
      0.07228915662650602
    ]
  },
  "epsilon_greedy_ig": {
    "turn0_recall@5": 0.0017,
    "turn0_recall@10": 0.0034,
    "turn0_recall@20": 0.0086,
    "turn1_recall@5": 0.027,
    "turn1_recall@10": 0.0517,
    "turn1_recall@20": 0.1037,
    "turn2_recall@5": 0.0401,
    "turn2_recall@10": 0.0823,
    "turn2_recall@20": 0.1552,
    "turn3_recall@5": 0.0427,
    "turn3_recall@10": 0.0872,
    "turn3_recall@20": 0.1763,
    "turn4_recall@5": 0.0433,
    "turn4_recall@10": 0.0911,
    "turn4_recall@20": 0.1795,
    "turn5_recall@5": 0.0448,
    "turn5_recall@10": 0.0921,
    "turn5_recall@20": 0.184,
    "turn5_recall@10_mean": 0.0921,
    "turn5_recall@10_ci95": [
      0.0843,
      0.0997
    ],
    "turn5_recall@10_per_persona": [
      0.07563025210084033,
      0.11267605633802817,
      0.08695652173913043,
      0.06666666666666667,
      0.125,
      0.12987012987012986,
      0.09411764705882353,
      0.08955223880597014,
      0.14084507042253522,
      0.0625,
      0.072992700729927,
      0.075,
      0.08,
      0.08333333333333333,
      0.0703125,
      0.02666666666666667,
      0.08620689655172414,
      0.0958904109589041,
      0.07246376811594203,
      0.06944444444444445,
      0.125,
      0.1,
      0.1111111111111111,
      0.10144927536231885,
      0.07894736842105263,
      0.10144927536231885,
      0.08333333333333333,
      0.10416666666666667,
      0.10526315789473684,
      0.10638297872340426,
      0.12195121951219512,
      0.1,
      0.055944055944055944,
      0.07142857142857142,
      0.11363636363636363,
      0.12048192771084337
    ]
  },
  "thompson_ig": {
    "turn0_recall@5": 0.0017,
    "turn0_recall@10": 0.0034,
    "turn0_recall@20": 0.0086,
    "turn1_recall@5": 0.0066,
    "turn1_recall@10": 0.0128,
    "turn1_recall@20": 0.0261,
    "turn2_recall@5": 0.0092,
    "turn2_recall@10": 0.0191,
    "turn2_recall@20": 0.0411,
    "turn3_recall@5": 0.0165,
    "turn3_recall@10": 0.0345,
    "turn3_recall@20": 0.0689,
    "turn4_recall@5": 0.0178,
    "turn4_recall@10": 0.0377,
    "turn4_recall@20": 0.0755,
    "turn5_recall@5": 0.0233,
    "turn5_recall@10": 0.0487,
    "turn5_recall@20": 0.0957,
    "turn5_recall@10_mean": 0.0487,
    "turn5_recall@10_ci95": [
      0.0365,
      0.0609
    ],
    "turn5_recall@10_per_persona": [
      0.008403361344537815,
      0.09859154929577464,
      0.0,
      0.06,
      0.0,
      0.0,
      0.08235294117647059,
      0.014925373134328358,
      0.056338028169014086,
      0.03125,
      0.072992700729927,
      0.05,
      0.056,
      0.058333333333333334,
      0.0078125,
      0.0,
      0.017241379310344827,
      0.0958904109589041,
      0.057971014492753624,
      0.0,
      0.0875,
      0.1111111111111111,
      0.03333333333333333,
      0.014492753623188406,
      0.06578947368421052,
      0.08695652173913043,
      0.0,
      0.08333333333333333,
      0.0,
      0.0851063829787234,
      0.07317073170731707,
      0.1125,
      0.06993006993006994,
      0.07142857142857142,
      0.09090909090909091,
      0.0
    ]
  },
  "trained": {
    "turn0_recall@5": 0.0017,
    "turn0_recall@10": 0.0034,
    "turn0_recall@20": 0.0086,
    "turn1_recall@5": 0.0297,
    "turn1_recall@10": 0.0598,
    "turn1_recall@20": 0.116,
    "turn2_recall@5": 0.0429,
    "turn2_recall@10": 0.0839,
    "turn2_recall@20": 0.1532,
    "turn3_recall@5": 0.0438,
    "turn3_recall@10": 0.0899,
    "turn3_recall@20": 0.1622,
    "turn4_recall@5": 0.0462,
    "turn4_recall@10": 0.0957,
    "turn4_recall@20": 0.1735,
    "turn5_recall@5": 0.0454,
    "turn5_recall@10": 0.0953,
    "turn5_recall@20": 0.1752,
    "turn5_recall@10_mean": 0.0953,
    "turn5_recall@10_ci95": [
      0.0883,
      0.1027
    ],
    "turn5_recall@10_per_persona": [
      0.07563025210084033,
      0.08450704225352113,
      0.11594202898550725,
      0.06666666666666667,
      0.125,
      0.1038961038961039,
      0.08235294117647059,
      0.13432835820895522,
      0.11267605633802817,
      0.09375,
      0.072992700729927,
      0.08333333333333333,
      0.08,
      0.08333333333333333,
      0.078125,
      0.08,
      0.07758620689655173,
      0.0684931506849315,
      0.06521739130434782,
      0.06944444444444445,
      0.1,
      0.1111111111111111,
      0.1111111111111111,
      0.14492753623188406,
      0.13157894736842105,
      0.14492753623188406,
      0.06944444444444445,
      0.10416666666666667,
      0.10526315789473684,
      0.10638297872340426,
      0.10975609756097561,
      0.1,
      0.06993006993006994,
      0.07142857142857142,
      0.10227272727272728,
      0.0963855421686747
    ]
  },
  "oracle": {
    "turn0_recall@5": 0.0017,
    "turn0_recall@10": 0.0034,
    "turn0_recall@20": 0.0086,