{
  "heuristic": {
    "0": [
      0.0,
      0.0,
      0.0,
      0.006666666666666667,
      0.0,
      0.0,
      0.011764705882352941,
      0.014925373134328358,
      0.014084507042253521,
      0.0,
      0.0072992700729927005,
      0.008333333333333333,
      0.0,
      0.0,
      0.0,
      0.013333333333333334,
      0.008620689655172414,
      0.0,
      0.0,
      0.0,
      0.0,
      0.011111111111111112,
      0.0,
      0.0,
      0.0,
      0.014492753623188406,
      0.0,
      0.0,
      0.0,
      0.0,
      0.0,
      0.0,
      0.0,
      0.0,
      0.011363636363636364,
      0.0
    ],
    "1": [
      0.0,
      0.0,
      0.0,
      0.0,
      0.0,
      0.0,
      0.0,
      0.0,
      0.014084507042253521,
      0.015625,
      0.0,
      0.008333333333333333,
      0.0,
      0.0,
      0.0,
      0.013333333333333334,
      0.0,
      0.0,
      0.0,
      0.0,
      0.0,
      0.0,
      0.0,
      0.0,
      0.0,
      0.0,
      0.0,
      0.0,
      0.0,
      0.0,
      0.0,
      0.0,
      0.0,
      0.0,
      0.0,
      0.0
    ],
    "2": [
      0.01680672268907563,
      0.014084507042253521,
      0.0,
      0.02,
      0.0125,
      0.012987012987012988,
      0.0,
      0.029850746268656716,
      0.028169014084507043,
      0.015625,
      0.0072992700729927005,
      0.008333333333333333,
      0.0,
      0.0,
      0.0,
      0.02666666666666667,
      0.008620689655172414,
      0.0,
      0.014492753623188406,
      0.0,
      0.0,
      0.022222222222222223,
      0.022222222222222223,
      0.014492753623188406,
      0.0,
      0.0,
      0.0,
      0.0,
      0.021052631578947368,
      0.0,
      0.012195121951219513,
      0.0,
      0.0,
      0.007142857142857143,
      0.0,
      0.0
    ],
    "3": [
      0.058823529411764705,
      0.07042253521126761,
      0.043478260869565216,
      0.06666666666666667,
      0.075,
      0.1038961038961039,
      0.09411764705882353,
      0.1044776119402985,
      0.09859154929577464,
      0.015625,
      0.072992700729927,
      0.058333333333333334,
      0.08,
      0.05,
      0.0703125,
      0.06666666666666667,
      0.07758620689655173,
      0.0821917808219178,
      0.057971014492753624,
      0.04861111111111111,
      0.0375,
      0.08888888888888889,
      0.1,
      0.11594202898550725,
      0.09210526315789473,
      0.043478260869565216,
      0.06944444444444445,
      0.10416666666666667,
      0.09473684210526316,
      0.09574468085106383,
      0.06097560975609756,
      0.0625,
      0.055944055944055944,
      0.05,
      0.10227272727272728,
      0.060240963855421686
    ],
    "4": [
      0.058823529411764705,
      0.07042253521126761,
      0.028985507246376812,
      0.06666666666666667,
      0.075,
      0.1038961038961039,
      0.09411764705882353,
      0.1044776119402985,
      0.09859154929577464,
      0.015625,
      0.072992700729927,
      0.06666666666666667,
      0.08,
      0.05,
      0.0703125,
      0.05333333333333334,
      0.06896551724137931,
      0.0684931506849315,
      0.057971014492753624,
      0.04861111111111111,
      0.0375,
      0.08888888888888889,
      0.1,
      0.14492753623188406,
      0.07894736842105263,
      0.043478260869565216,
      0.06944444444444445,
      0.10416666666666667,
      0.09473684210526316,
      0.07446808510638298,
      0.06097560975609756,
      0.0625,
      0.055944055944055944,
      0.05,
      0.10227272727272728,
      0.04819277108433735
    ],
    "5": [
      0.058823529411764705,
      0.04225352112676056,
      0.014492753623188406,
      0.06666666666666667,
      0.0875,
      0.12987012987012986,
      0.08235294117647059,
      0.11940298507462686,
      0.09859154929577464,
      0.015625,
      0.072992700729927,
      0.058333333333333334,
      0.08,
      0.05,
      0.0703125,
      0.05333333333333334,
      0.06896551724137931,
      0.0684931506849315,
      0.06521739130434782,
      0.04861111111111111,
      0.0375,
      0.08888888888888889,
      0.1111111111111111,
      0.13043478260869565,
      0.06578947368421052,
      0.043478260869565216,
      0.06944444444444445,
      0.10416666666666667,
      0.09473684210526316,
      0.07446808510638298,
      0.06097560975609756,
      0.0625,
      0.055944055944055944,
      0.04285714285714286,
      0.10227272727272728,
      0.04819277108433735
    ]
  },
  "ig": {
    "0": [
      0.0,
      0.0,
      0.0,
      0.006666666666666667,
      0.0,
      0.0,
      0.011764705882352941,
      0.014925373134328358,
      0.014084507042253521,
      0.0,
      0.0072992700729927005,
      0.008333333333333333,
      0.0,
      0.0,
      0.0,
      0.013333333333333334,
      0.008620689655172414,
      0.0,
      0.0,
      0.0,
      0.0,
      0.011111111111111112,
      0.0,
      0.0,
      0.0,
      0.014492753623188406,
      0.0,
      0.0,
      0.0,
      0.0,
      0.0,
      0.0,
      0.0,
      0.0,
      0.011363636363636364,
      0.0
    ],
    "1": [
      0.05042016806722689,
      0.056338028169014086,
      0.043478260869565216,
      0.05333333333333334,
      0.075,
      0.1038961038961039,
      0.09411764705882353,
      0.13432835820895522,
      0.04225352112676056,
      0.015625,
      0.051094890510948905,
      0.075,
      0.08,
      0.041666666666666664,
      0.015625,
      0.02666666666666667,
      0.034482758620689655,
      0.0410958904109589,
      0.050724637681159424,
      0.041666666666666664,
      0.0375,
      0.07777777777777778,
      0.1111111111111111,
      0.07246376811594203,
      0.05263157894736842,
      0.028985507246376812,
      0.041666666666666664,
      0.08333333333333333,
      0.08421052631578947,
      0.0851063829787234,
      0.04878048780487805,
      0.05,
      0.04895104895104895,
      0.04285714285714286,
      0.07954545454545454,
      0.03614457831325301
    ],
    "2": [
      0.06722689075630252,
      0.08450704225352113,
      0.057971014492753624,
      0.06666666666666667,
      0.125,
      0.1038961038961039,
      0.08235294117647059,
      0.11940298507462686,
      0.07042253521126761,
      0.109375,
      0.072992700729927,
      0.06666666666666667,
      0.08,
      0.08333333333333333,
      0.0703125,
      0.06666666666666667,
      0.07758620689655173,
      0.0958904109589041,
      0.057971014492753624,
      0.05555555555555555,
      0.1125,
      0.1111111111111111,
      0.1,
      0.13043478260869565,
      0.09210526315789473,
      0.057971014492753624,
      0.09722222222222222,
      0.09375,
      0.09473684210526316,
      0.09574468085106383,
      0.0975609756097561,
      0.1,
      0.06993006993006994,
      0.07142857142857142,
      0.10227272727272728,
      0.10843373493975904
    ],
    "3": [
      0.07563025210084033,
      0.09859154929577464,
      0.07246376811594203,
      0.06666666666666667,
      0.1,
      0.1038961038961039,
      0.08235294117647059,
      0.07462686567164178,
      0.14084507042253522,
      0.125,
      0.072992700729927,
      0.075,
      0.08,
      0.08333333333333333,
      0.078125,
      0.06666666666666667,
      0.07758620689655173,
      0.1232876712328767,
      0.07246376811594203,
      0.06944444444444445,
      0.1,
      0.1111111111111111,
      0.1,
      0.10144927536231885,
      0.11842105263157894,
      0.08695652173913043,
      0.1111111111111111,
      0.09375,
      0.10526315789473684,
      0.10638297872340426,
      0.0975609756097561,
      0.1125,
      0.055944055944055944,
      0.06428571428571428,
      0.07954545454545454,
      0.0963855421686747
    ],