{
  "n_prefixes_per_category": 3,
  "n_subtopics": 33,
  "n_policies_sampled": 50,
  "n_total_cells": 4950,
  "per_prefix": {
    "노인": {
      "n": 1200,
      "%≥1": 13.25
    },
    "장애인": {
      "n": 1200,
      "%≥1": 13.5
    },
    "한부모": {
      "n": 450,
      "%≥1": 13.777777777777779
    },
    "청년": {
      "n": 450,
      "%≥1": 4.666666666666667
    },
    "다자녀": {
      "n": 200,
      "%≥1": 6.5
    },
    "다문화": {
      "n": 400,
      "%≥1": 5.25
    },
    "신혼부부": {
      "n": 250,
      "%≥1": 1.2
    },
    "저소득": {
      "n": 250,
      "%≥1": 11.600000000000001
    },
    "임산부": {
      "n": 250,
      "%≥1": 14.799999999999999
    },
    "기초수급": {
      "n": 300,
      "%≥1": 18.666666666666668
    }
  }
}