{
  "model": "gemini-2.5-flash-lite",
  "n_calls": 3300,
  "metrics_gt2": {
    "ndcg10": 0.788817061151398,
    "p10_t2": 0.6833333333333331,
    "r10_t2": 0.12556137995358022
  }
}