{
  "gt3_strict": {
    "p@10": 0.04726653903424969,
    "r@10": 0.12558497462268123,
    "ndcg@10": 0.1217618397607154
  },
  "gt3_lenient": {
    "p@10": 0.11721906427634432,
    "r@10": 0.0986762397128288,
    "ndcg@10": 0.14882761280500678
  }
}