{
  "BM25": {
    "ndcg10": {
      "mean": 0.6420394481174904,
      "ci_lo": 0.5741789638503129,
      "ci_hi": 0.7101778059403716,
      "n": 66
    },
    "p10_t2": {
      "mean": 0.5439393939393941,
      "ci_lo": 0.46515151515151515,
      "ci_hi": 0.6227272727272728,
      "n": 66
    },
    "r10_t2": {
      "mean": 0.09623252674934495,
      "ci_lo": 0.06411365595846465,
      "ci_hi": 0.13567651354209134,
      "n": 66
    }
  },
  "Dense": {
    "ndcg10": {
      "mean": 0.8584301700034495,
      "ci_lo": 0.8132041965695881,
      "ci_hi": 0.8995613723870757,
      "n": 66
    },
    "p10_t2": {
      "mean": 0.7515151515151517,
      "ci_lo": 0.6803030303030304,
      "ci_hi": 0.8181818181818183,
      "n": 66
    },
    "r10_t2": {
      "mean": 0.14191610349198522,
      "ci_lo": 0.10050058551051474,
      "ci_hi": 0.1900668847466096,
      "n": 66
    }
  },
  "Hybrid": {
    "ndcg10": {
      "mean": 0.8481874341128506,
      "ci_lo": 0.80270223037517,
      "ci_hi": 0.8905810972398199,
      "n": 66
    },
    "p10_t2": {
      "mean": 0.7424242424242424,
      "ci_lo": 0.6712121212121211,
      "ci_hi": 0.812121212121212,
      "n": 66
    },
    "r10_t2": {
      "mean": 0.13598367897413305,
      "ci_lo": 0.09951240388621993,
      "ci_hi": 0.1796440421808037,
      "n": 66
    }
  },
  "paired_wilcoxon": {
    "Dense_vs_BM25_ndcg10": 5.779087742610451e-09,
    "Hybrid_vs_Dense_ndcg10": 0.755516962416405,
    "Dense_vs_BM25_p10_t2": 9.95444909224357e-07
  }
}