{
  "strict": {
    "B2+rule": {
      "p@10": 0.34111891087001456,
      "r@10": 0.7419511866582259,
      "ndcg@10": 0.7058797350643471
    },
    "B6+rule": {
      "p@10": 0.07335673261008721,
      "r@10": 0.20758236629215443,
      "ndcg@10": 0.2486362108129544
    }
  },
  "lenient": {
    "B2+rule": {
      "p@10": 0.5635679930039357,
      "r@10": 0.4889448001860924,
      "ndcg@10": 0.6971755226961337
    },
    "B6+rule": {
      "p@10": 0.08299081766506888,
      "r@10": 0.07532618024304608,
      "ndcg@10": 0.16249305170810077
    }
  }
}