{
  "BM25": {
    "ndcg@5": 0.6767655403069082,
    "recall@5_t1": 0.011849951679694075,
    "recall@5_t2": 0.06324051902020224,
    "prec@5_t1": 0.7151515151515151,
    "prec@5_t2": 0.5878787878787878,
    "ndcg@10": 0.6420394481174904,
    "recall@10_t1": 0.02097777050800271,
    "recall@10_t2": 0.09623252674934492,
    "prec@10_t1": 0.6757575757575757,
    "prec@10_t2": 0.543939393939394,
    "ndcg@20": 0.6001418603655362,
    "recall@20_t1": 0.03661269663979364,
    "recall@20_t2": 0.13940335453279973,
    "prec@20_t1": 0.624242424242424,
    "prec@20_t2": 0.4901515151515153
  },
  "Dense": {
    "ndcg@5": 0.8820775430231358,
    "recall@5_t1": 0.01611028030402842,
    "recall@5_t2": 0.09333775396453477,
    "prec@5_t1": 0.9272727272727274,
    "prec@5_t2": 0.8,
    "ndcg@10": 0.8584301700034495,
    "recall@10_t1": 0.031219639517812526,
    "recall@10_t2": 0.14191610349198516,
    "prec@10_t1": 0.9030303030303028,
    "prec@10_t2": 0.7515151515151516,
    "ndcg@20": 0.8298196144091448,
    "recall@20_t1": 0.05808629969710068,
    "recall@20_t2": 0.21799847727416113,
    "prec@20_t1": 0.8696969696969701,
    "prec@20_t2": 0.6962121212121213
  },
  "Hybrid": {
    "ndcg@5": 0.8848470485871429,
    "recall@5_t1": 0.0162374947782003,
    "recall@5_t2": 0.09316820682246914,
    "prec@5_t1": 0.9181818181818181,
    "prec@5_t2": 0.8030303030303031,
    "ndcg@10": 0.8492258484596693,
    "recall@10_t1": 0.0295560709922202,
    "recall@10_t2": 0.13424137185951823,
    "prec@10_t1": 0.8803030303030301,
    "prec@10_t2": 0.7454545454545453,
    "ndcg@20": 0.8160689308200093,
    "recall@20_t1": 0.05526604049502973,
    "recall@20_t2": 0.21562688797615637,
    "prec@20_t1": 0.8416666666666667,
    "prec@20_t2": 0.6893939393939394
  }
}