{
  "gt3_strict": {
    "BM25": {
      "p@10": 0.026664539459688528,
      "r@10": 0.09248950050290541,
      "ndcg@10": 0.07069026089744722
    },
    "Dense": {
      "p@10": 0.05119123590725483,
      "r@10": 0.13250800822510117,
      "ndcg@10": 0.11873030295506168
    },
    "Hybrid": {
      "p@10": 0.04201233780046901,
      "r@10": 0.1348493201753588,
      "ndcg@10": 0.10197725090498519
    },
    "B7_RuleDense": {
      "p@10": 0.2488832163369414,
      "r@10": 0.5565066014302649,
      "ndcg@10": 0.5744809306532098
    }
  },
  "gt3_lenient": {
    "BM25": {
      "p@10": 0.027284652383034447,
      "r@10": 0.026040907010980843,
      "ndcg@10": 0.03682933634545246
    },
    "Dense": {
      "p@10": 0.0626060341058174,
      "r@10": 0.05711292237549094,
      "ndcg@10": 0.07793637373225068
    },
    "Hybrid": {
      "p@10": 0.045561871447312566,
      "r@10": 0.0448211078460565,
      "ndcg@10": 0.057666493039992696
    },
    "B7_RuleDense": {
      "p@10": 0.36443375601224204,
      "r@10": 0.32177301920253853,
      "ndcg@10": 0.5073282064058547
    }
  }
}