{
  "ko-SRoBERTa": {
    "ndcg10": 0.8584301700034495,
    "p10_t2": 0.7515151515151516,
    "r10_t2": 0.14191610349198516
  },
  "BGE-M3": {
    "ndcg10": 0.8146870553339359,
    "p10_t2": 0.6984848484848483,
    "r10_t2": 0.12568415772923458
  },
  "BGE-reranker-v2-m3": {
    "ndcg10": 0.8528145422131026,
    "p10_t2": 0.7515151515151517,
    "r10_t2": 0.1387810081403085
  },
  "ko-reranker": {
    "ndcg10": 0.8030814224364026,
    "p10_t2": 0.7075757575757574,
    "r10_t2": 0.12786584236088352
  }
}